{"acc": [1.0, 1.0, 1.0, 1.0, 1.0, 1.0, 1.0, 1.0, 1.0, 1.0, 1.0, 1.0, 1.0, 1.0, 1.0, 1.0, 1.0, 1.0, 1.0, 1.0, 1.0, 1.0, 1.0, 1.0, 1.0], "val_acc": [1.0, 1.0, 1.0, 1.0, 1.0, 1.0, 1.0, 1.0, 1.0, 1.0, 1.0, 1.0, 1.0, 1.0, 1.0, 1.0, 1.0, 1.0, 1.0, 1.0, 1.0, 1.0, 1.0, 1.0, 1.0], "loss": [1.192093321833454e-07, 1.192093321833454e-07, 1.192093321833454e-07, 1.192093321833454e-07, 1.192093321833454e-07, 1.192093321833454e-07, 1.192093321833454e-07, 1.192093321833454e-07, 1.192093321833454e-07, 1.192093321833454e-07, 1.192093321833454e-07, 1.192093321833454e-07, 1.192093321833454e-07, 1.192093321833454e-07, 1.192093321833454e-07, 1.192093321833454e-07, 1.192093321833454e-07, 1.192093321833454e-07, 1.192093321833454e-07, 1.192093321833454e-07, 1.192093321833454e-07, 1.192093321833454e-07, 1.192093321833454e-07, 1.192093321833454e-07, 1.192093321833454e-07], "val_loss": [1.192093321833454e-07, 1.192093321833454e-07, 1.192093321833454e-07, 1.192093321833454e-07, 1.192093321833454e-07, 1.192093321833454e-07, 1.192093321833454e-07, 1.192093321833454e-07, 1.192093321833454e-07, 1.192093321833454e-07, 1.192093321833454e-07, 1.192093321833454e-07, 1.192093321833454e-07, 1.192093321833454e-07, 1.192093321833454e-07, 1.192093321833454e-07, 1.192093321833454e-07, 1.192093321833454e-07, 1.192093321833454e-07, 1.192093321833454e-07, 1.192093321833454e-07, 1.192093321833454e-07, 1.192093321833454e-07, 1.192093321833454e-07, 1.192093321833454e-07]}